{"cameraMode":{"drawMode":0,"name":"Shaded","section":"Shading Mode"},"sceneLighting":true,"audioPlay":false,"sceneViewState":{"showFog":true,"showMaterialUpdate":false,"showSkybox":true,"showFlares":true,"showImageEffects":true,"showParticleSystems":true},"in2DMode":false,"pivot":{"x":1084.278564453125,"y":634.889404296875,"z":54.284423828125},"rotation":{"x":-0.07523758709430695,"y":0.005083691328763962,"z":-0.00038346159271895885,"w":-0.9971546530723572},"size":1204.386962890625,"orthographic":false}