{"cameraMode":{"drawMode":0,"name":"Shaded","section":"Shading Mode"},"sceneLighting":true,"audioPlay":false,"sceneViewState":{"showFog":true,"showMaterialUpdate":false,"showSkybox":true,"showFlares":true,"showImageEffects":true,"showParticleSystems":true},"in2DMode":false,"pivot":{"x":15.119991302490235,"y":34.87479019165039,"z":-409.6346740722656},"rotation":{"x":0.40633055567741396,"y":0.5720811486244202,"z":-0.38959449529647829,"w":0.5965722799301148},"size":57.058284759521487,"orthographic":false}