{"cameraMode":{"drawMode":0,"name":"Shaded","section":"Shading Mode"},"sceneLighting":true,"audioPlay":false,"sceneViewState":{"showFog":true,"showMaterialUpdate":false,"showSkybox":true,"showFlares":true,"showImageEffects":true,"showParticleSystems":true},"in2DMode":false,"pivot":{"x":45.38307571411133,"y":11.189241409301758,"z":-241.83631896972657},"rotation":{"x":-0.020264089107513429,"y":-0.9739840030670166,"z":0.20602913200855256,"w":-0.0937628448009491},"size":34.53208923339844,"orthographic":false}